account,campaign_name,adgroup_name,keyword,local_date,impressions,clicks,cost,currency,media_source,portal
FR Vinted Mix,FR_Search_Web_Branded,vinted,vinted fr,2019-03-09,85,55,0.89,EUR,Google,fr
FR Vinted Mix,FR_Search_Web_Branded,vinted,vinted,2019-02-06,22548,10119,272.22,EUR,Google,fr
FR Vinted Mix,FR_Search_Web_Branded,vinted,vinted fr,2019-03-06,29,13,0.91,EUR,Google,fr
FR Vinted Mix,FR_Search_Web_Branded,vinted,winted,2019-02-06,74,42,1.25,EUR,Google,fr
FR Vinted Mix,FR_Search_Web_Branded,vinted,vinted fr,2019-03-10,10,4,0.1,EUR,Google,fr
FR Vinted Mix,FR_Search_Web_Branded,vinted,vinted,2019-03-04,814,252,26.72,EUR,Google,fr
FR Vinted Mix,FR_Search_Web_Branded,vinted,vinted,2019-03-10,486,162,20.09,EUR,Google,fr
FR Vinted Mix,FR_Search_Web_Branded,vinted,+vinted +app,2019-02-24,7,2,0.05,EUR,Google,fr
FR Vinted Mix,FR_Search_Web_Branded,vinted,vinted femme,2019-02-04,843,435,10.02,EUR,Google,fr
FR Vinted Mix,FR_Search_Web_Branded,vinted,vinted app,2019-02-11,95,52,2.51,EUR,Google,fr
FR Vinted Mix,FR_Search_Web_Branded,vinted,vinted app,2019-02-04,102,69,1.16,EUR,Google,fr
FR Vinted Mix,FR_Search_Web_Branded,vinted,vinted femme,2019-02-18,784,354,9.73,EUR,Google,fr
FR Vinted Mix,FR_Search_Web_Branded,vinted,vinted app,2019-02-19,103,52,2.44,EUR,Google,fr
FR Vinted Mix,FR_Search_Web_Branded,vinted,+vinted +app,2019-03-01,4,1,0.05,EUR,Google,fr
FR Vinted Mix,FR_Search_Web_Branded,vinted,vinted app,2019-02-05,2,1,0.15,EUR,Google,fr
FR-SEM-Brand,Google_Brand_FR-FR_Vinted_DW_CPC,Brand|E,vinted,2019-03-07,4655,1112,22.44,EUR,Google,fr
FR-SEM-Brand,Google_Brand_FR-FR_Vinted_DW_CPC,Brand|E,vinted,2019-03-08,24134,6186,169.87,EUR,Google,fr
FR Vinted Mix,FR_Search_Web_Branded,vinted,winted,2019-02-28,92,47,1.36,EUR,Google,fr
FR Vinted Mix,FR_Search_Web_Branded,vinted,vinted,2019-03-10,516,193,24.07,EUR,Google,fr
FR-SEM-Brand,Google_Brand_FR-FR_Vinted_DW_CPC,Brand|B,vinted,2019-03-09,8,3,0.12,EUR,Google,fr
FR-SEM-Brand,Google_Brand_FR-FR_Vinted_MW_CPC,Brand|P,vinted,2019-03-09,2716,501,56.19,EUR,Google,fr
FR Vinted Mix,FR_Search_Web_Branded,vinted,winted,2019-02-14,73,31,0.72,EUR,Google,fr
FR Vinted Mix,FR_Search_Web_Branded,vinted,vinted,2019-03-02,999,289,27.63,EUR,Google,fr
FR-Display-UAC,FR_Android_Branded_Universal_4_no_img_no_video,,,2019-03-06,11855,2263,462.02,EUR,Google,fr
FR Vinted Mix,FR_Search_Web_Branded,vinted,vinted,2019-03-10,4046,2235,89.28,EUR,Google,fr
FR Vinted Mix,FR_Search_Web_Branded,vinted,vinetd,2019-02-07,28,10,0.32,EUR,Google,fr
FR-Display-UAC,UAC_PRAP_FR-FR_Vinted_iOS_CPC_Install,,,2019-03-09,13021,56,31.61,EUR,Google,fr
FR Vinted Mix,FR_Search_Web_Branded,vinted,vinted,2019-02-07,613,156,18.12,EUR,Google,fr
FR Vinted Mix,FR_Search_Web_Branded,vinted,vinted,2019-02-17,17051,8203,192.18,EUR,Google,fr
FR Vinted Mix,FR_Search_Web_Branded,vinted,vinted,2019-02-18,24505,11581,268.85,EUR,Google,fr
FR Vinted Mix,FR_Search_Web_Branded,vinted,vinetd,2019-02-05,31,15,0.36,EUR,Google,fr
FR Vinted Mix,FR_Search_Web_Branded,vinted,vinted,2019-03-08,314,128,11.83,EUR,Google,fr
FR-Display-UAC,UAC_PRAP_FR-FR_Vinted_iOS_CPC_Lister,,,2019-02-23,74336,509,270.45,EUR,Google,fr
FR-Display-UAC,UAC_PRAP_FR-FR_Vinted_iOS_CPC_Install,,,2019-02-08,1611,3,1.83,EUR,Google,fr
FR-Display-UAC,UAC_PRAP_FR-FR_Vinted_iOS_CPC_Lister,,,2019-03-03,148593,810,723.99,EUR,Google,fr
FR Vinted Mix,FR_Search_Web_Branded,vinted,vinted femme,2019-02-09,663,284,6.69,EUR,Google,fr
FR-Display-UAC,UAC_PRAP_FR-FR_Vinted_iOS_CPC_Install,,,2019-02-10,11420,20,14.11,EUR,Google,fr
FR-Display-UAC,UAC_PRAP_FR-FR_Vinted_Android_CPC_Lister,,,2019-02-27,401678,1926,590.13,EUR,Google,fr
FR-Display-UAC,UAC_PRAP_FR-FR_Vinted_Android_CPC_Lister,,,2019-02-08,213859,1124,329.25,EUR,Google,fr
FR Vinted Mix,FR_Search_Web_Branded,vinted,+vinted +fr,2019-02-13,13,4,0.11,EUR,Google,fr
FR Vinted Mix,FR_Search_Web_Branded,vinted,+vinted +app,2019-02-28,7,5,0.48,EUR,Google,fr
FR-Display-UAC,UAC_PRAP_FR-FR_Vinted_Android_CPC_Lister,,,2019-02-10,262751,1887,488.52,EUR,Google,fr
FR-Display-UAC,UAC_PRAP_FR-FR_Vinted_Android_CPC_Lister,,,2019-03-08,225391,2148,411.56,EUR,Google,fr
FR Vinted Mix,FR_Search_Web_Branded,vinted,+vinted +fr,2019-02-06,12,6,0.29,EUR,Google,fr
FR-Display-UAC,UAC_PRAP_FR-FR_Vinted_iOS_CPC_Lister,,,2019-02-19,69050,386,219.28,EUR,Google,fr
FR-Display-UAC,UAC_PRAP_FR-FR_Vinted_iOS_CPC_Lister,,,2019-02-22,131596,650,445.01,EUR,Google,fr
FR-SEM-Brand,Google_Brand_FR-FR_Vinted_MW_CPC,Brand|P,vinted,2019-03-08,1827,325,44.07,EUR,Google,fr
FR-Display-UAC,UAC_PRAP_FR-FR_Vinted_iOS_CPC_Lister,,,2019-02-07,37929,295,114.62,EUR,Google,fr
FR-Display-UAC,FR_Android_Branded_Universal_4_no_img_no_video,,,2019-02-15,10858,1843,299.5,EUR,Google,fr
FR Vinted Mix,FR_Search_Web_Branded,vinted,+vinted +app,2019-03-08,5,2,0.2,EUR,Google,fr
FR-Display-UAC,UAC_PRAP_FR-FR_Vinted_iOS_CPC_Lister,,,2019-03-04,86216,403,448.33,EUR,Google,fr
FR-Display-UAC,UAC_PRAP_FR-FR_Vinted_iOS_CPC_Lister,,,2019-02-28,45949,361,245.9,EUR,Google,fr
FR Vinted Mix,FR_Search_Web_Branded,vinted,+vinted +app,2019-02-04,9,1,0.03,EUR,Google,fr
FR-SEM-Brand,Google_Brand_FR-FR_Vinted_DW_CPC,Brand|E,vinted,2019-03-10,20717,8384,183.57,EUR,Google,fr
FR-Display-UAC,FR_Android_Branded_Universal_4_no_img_no_video,,,2019-02-21,12018,2292,448.84,EUR,Google,fr
FR Vinted Mix,FR_Search_Web_Branded,vinted,vinted,2019-03-01,623,209,20.17,EUR,Google,fr
FR Vinted Mix,FR_Search_Web_Branded,vinted,vinetd,2019-02-26,26,11,0.37,EUR,Google,fr
FR Vinted Mix,FR_Search_Web_Branded,vinted,vinetd,2019-02-13,26,14,0.6,EUR,Google,fr
FR Vinted Mix,FR_Search_Web_Branded,vinted,vinted,2019-03-04,1404,440,49.13,EUR,Google,fr
FR Vinted Mix,FR_Search_Web_Branded,vinted,vinted,2019-03-09,472,141,19.02,EUR,Google,fr
FR Vinted Mix,FR_Search_Web_Branded,vinted,vinetd,2019-02-19,23,13,0.26,EUR,Google,fr
FR Vinted Mix,FR_Search_Web_Branded,vinted,vinted,2019-02-22,581,161,17.89,EUR,Google,fr
FR-Display-UAC,UAC_PRAP_FR-FR_Vinted_iOS_CPC_Lister,,,2019-03-10,153624,669,700.93,EUR,Google,fr
FR Vinted Mix,FR_Search_Web_Branded,vinted,winted,2019-02-18,104,58,1.75,EUR,Google,fr
FR-Display-UAC,UAC_PRAP_FR-FR_Vinted_iOS_CPC_Lister,,,2019-02-24,102295,674,385.7,EUR,Google,fr
FR-Display-UAC,UAC_PRAP_FR-FR_Vinted_iOS_CPC_Lister,,,2019-02-25,86707,480,284.7,EUR,Google,fr
FR-Display-UAC,UAC_PRAP_FR-FR_Vinted_iOS_CPC_Lister,,,2019-02-08,52731,337,129.55,EUR,Google,fr
FR Vinted Mix,FR_Search_Web_Branded,vinted,vinted femme,2019-02-07,796,335,8.6,EUR,Google,fr
FR Vinted Mix,FR_Search_Web_Branded,vinted,vinted femme,2019-02-12,770,353,7.59,EUR,Google,fr
FR-Display-UAC,UAC_PRAP_FR-FR_Vinted_Android_CPC_Lister,,,2019-02-21,288589,1766,506.98,EUR,Google,fr
FR Vinted Mix,FR_Search_Web_Branded,vinted,vinted femme,2019-02-05,782,383,9.37,EUR,Google,fr
FR-Display-UAC,UAC_PRAP_FR-FR_Vinted_Android_CPC_Lister,,,2019-02-13,297217,1459,435.01,EUR,Google,fr
FR-Display-UAC,UAC_PRAP_FR-FR_Vinted_Android_CPC_Lister,,,2019-03-05,451759,2592,582.3,EUR,Google,fr
FR Vinted Mix,FR_Search_Web_Branded,vinted,+vinted +app,2019-02-11,5,1,0.01,EUR,Google,fr
FR-Display-UAC,UAC_PRAP_FR-FR_Vinted_Android_CPC_Lister,,,2019-02-14,139119,1160,339.89,EUR,Google,fr
FR Vinted Mix,FR_Search_Web_Branded,vinted,vinted,2019-02-21,671,198,21.87,EUR,Google,fr
FR Vinted Mix,FR_Search_Web_Branded,vinted,vinted,2019-03-07,605,236,22.58,EUR,Google,fr
FR-Display-UAC,UAC_PRAP_FR-FR_Vinted_iOS_CPC_Lister,,,2019-03-02,55152,492,299.06,EUR,Google,fr
FR-Display-UAC,UAC_PRAP_FR-FR_Vinted_iOS_CPC_Lister,,,2019-03-07,40070,286,164.68,EUR,Google,fr
FR Vinted Mix,FR_Search_Web_Branded,vinted,vinted,2019-02-16,15556,7483,177.29,EUR,Google,fr
FR-Display-UAC,UAC_PRAP_FR-FR_Vinted_iOS_CPC_Lister,,,2019-03-06,79920,353,344.35,EUR,Google,fr
FR Vinted Mix,FR_Search_Web_Branded,vinted,vinted,2019-02-18,1104,303,33.77,EUR,Google,fr
FR-Display-UAC,UAC_PRAP_FR-FR_Vinted_iOS_CPC_Lister,,,2019-03-09,135022,506,638.6,EUR,Google,fr
FR Vinted Mix,FR_Search_Web_Branded,vinted,winted,2019-02-26,97,45,0.88,EUR,Google,fr
FR Vinted Mix,FR_Search_Web_Branded,vinted,winted,2019-03-08,13,8,0.42,EUR,Google,fr
FR Vinted Mix,FR_Search_Web_Branded,vinted,winted,2019-02-24,95,41,0.88,EUR,Google,fr
FR Vinted Mix,FR_Search_Web_Branded,vinted,vinetd,2019-02-15,22,10,0.21,EUR,Google,fr
FR Vinted Mix,FR_Search_Web_Branded,vinted,vinted fr,2019-02-11,88,35,0.9,EUR,Google,fr
FR Vinted Mix,FR_Search_Web_Branded,vinted,vinted fr,2019-02-14,78,42,1.28,EUR,Google,fr
FR Vinted Mix,FR_Search_Web_Branded,vinted,winted,2019-02-21,85,39,1.11,EUR,Google,fr
FR Vinted Mix,FR_Search_Web_Branded,vinted,vinted,2019-02-10,19269,8534,226.92,EUR,Google,fr
FR Vinted Mix,FR_Search_Web_Branded,vinted,vinted fr,2019-03-10,106,68,1.11,EUR,Google,fr
FR Vinted Mix,FR_Search_Web_Branded,vinted,vinted,2019-02-04,24543,11127,308.29,EUR,Google,fr
FR Vinted Mix,FR_Search_Web_Branded,vinted,vinted fr,2019-02-28,11,6,0.1,EUR,Google,fr
FR Vinted Mix,FR_Search_Web_Branded,vinted,winted,2019-02-08,72,27,0.57,EUR,Google,fr
FR Vinted Mix,FR_Search_Web_Branded,vinted,vinted femme,2019-02-14,626,282,7.08,EUR,Google,fr
FR Vinted Mix,FR_Search_Web_Branded,vinted,+vinted +app,2019-03-02,6,1,0.16,EUR,Google,fr
FR-Display-UAC,UAC_PRAP_FR-FR_Vinted_iOS_CPC_Install,,,2019-02-21,18516,85,38.85,EUR,Google,fr
FR Vinted Mix,FR_Search_Web_Branded,vinted,vinted femme,2019-02-28,780,382,9.52,EUR,Google,fr
FR Vinted Mix,FR_Search_Web_Branded,vinted,vinted fr,2019-02-24,73,33,0.66,EUR,Google,fr
FR Vinted Mix,FR_Search_Web_Branded,vinted,vinted femme,2019-02-10,865,357,9.36,EUR,Google,fr
FR Vinted Mix,FR_Search_Web_Branded,vinted,vinted app,2019-02-16,65,37,2.51,EUR,Google,fr
FR-Display-UAC,UAC_PRAP_FR-FR_Vinted_iOS_CPC_Install,,,2019-03-04,58767,197,165.98,EUR,Google,fr
FR Vinted Mix,FR_Search_Web_Branded,vinted,vinted app,2019-02-09,1,1,0.05,EUR,Google,fr
FR Vinted Mix,FR_Search_Web_Branded,vinted,vinted fr,2019-02-09,14,7,0.34,EUR,Google,fr
FR-SEM-Brand,Google_Brand_FR-FR_Vinted_MW_CPC,Brand|B,vinted,2019-03-10,29,11,0.14,EUR,Google,fr
FR-Display-UAC,UAC_PRAP_FR-FR_Vinted_iOS_CPC_Lister,,,2019-02-04,54771,402,157.65,EUR,Google,fr
FR-SEM-Brand,Google_Brand_FR-FR_Vinted_MW_CPC,Brand|E,vinted,2019-03-08,7004,2162,206.8,EUR,Google,fr
FR Vinted Mix,FR_Search_Web_Branded,vinted,vinted,2019-02-24,671,181,17.35,EUR,Google,fr
FR-SEM-Brand,Google_Brand_FR-FR_Vinted_DW_CPC,Brand|P,vinted,2019-03-08,1634,358,29.72,EUR,Google,fr
FR-SEM-Brand,Google_Brand_FR-FR_Vinted_MW_CPC,Brand|E,vinted,2019-03-09,10734,3405,194.05,EUR,Google,fr
FR-Display-UAC,UAC_PRAP_FR-FR_Vinted_iOS_CPC_Lister,,,2019-02-12,24704,248,112.76,EUR,Google,fr
FR Vinted Mix,FR_Search_Web_Branded,vinted,vinted,2019-02-16,541,161,16.3,EUR,Google,fr
FR-Display-UAC,UAC_PRAP_FR-FR_Vinted_Android_CPC_Lister,,,2019-02-24,245696,2012,645.07,EUR,Google,fr
FR-Display-UAC,FR_Android_Branded_Universal_4_no_img_no_video,,,2019-02-22,9543,1940,352.85,EUR,Google,fr
FR Vinted Mix,FR_Search_Web_Branded,vinted,vinetd,2019-02-20,20,10,0.12,EUR,Google,fr
FR Vinted Mix,FR_Search_Web_Branded,vinted,vinted,2019-02-25,25058,11941,274.41,EUR,Google,fr
FR-Display-UAC,FR_Android_Branded_Universal_4_no_img_no_video,,,2019-03-09,9143,1917,379.16,EUR,Google,fr
FR Vinted Mix,FR_Search_Web_Branded,vinted,vinted,2019-02-23,15864,7682,181.0,EUR,Google,fr
FR-Display-UAC,UAC_PRAP_FR-FR_Vinted_iOS_CPC_Install,,,2019-02-13,3692,11,5.83,EUR,Google,fr
FR-Display-UAC,FR_Android_Branded_Universal_4_no_img_no_video,,,2019-02-06,12964,1823,353.45,EUR,Google,fr
FR Vinted Mix,FR_Search_Web_Branded,vinted,vinted,2019-02-17,951,250,26.16,EUR,Google,fr
FR Vinted Mix,FR_Search_Web_Branded,vinted,vinted,2019-02-14,585,174,19.37,EUR,Google,fr
FR-Display-UAC,FR_Android_Branded_Universal_4_no_img_no_video,,,2019-02-17,16638,3187,638.68,EUR,Google,fr
FR-Display-UAC,FR_Android_Branded_Universal_4_no_img_no_video,,,2019-02-19,14651,2484,514.83,EUR,Google,fr
FR Vinted Mix,FR_Search_Web_Branded,vinted,vinted,2019-02-12,22682,10078,272.05,EUR,Google,fr
FR Vinted Mix,FR_Search_Web_Branded,vinted,vinted,2019-03-05,1246,407,45.19,EUR,Google,fr
FR-Display-UAC,UAC_PRAP_FR-FR_Vinted_Android_CPC_Lister,,,2019-03-03,230154,2625,613.26,EUR,Google,fr
FR Vinted Mix,FR_Search_Web_Branded,vinted,winted,2019-02-19,114,62,0.98,EUR,Google,fr
FR Vinted Mix,FR_Search_Web_Branded,vinted,winted,2019-03-06,108,61,1.43,EUR,Google,fr
FR Vinted Mix,FR_Search_Web_Branded,vinted,vinted,2019-02-26,691,211,22.34,EUR,Google,fr
FR Vinted Mix,FR_Search_Web_Branded,vinted,winted,2019-03-07,92,57,1.14,EUR,Google,fr
FR-Display-UAC,FR_Android_Branded_Universal_4_no_img_no_video,,,2019-02-25,11648,2411,476.43,EUR,Google,fr
FR Vinted Mix,FR_Search_Web_Branded,vinted,vinted,2019-02-08,20203,9131,238.89,EUR,Google,fr
FR Vinted Mix,FR_Search_Web_Branded,vinted,winted,2019-02-15,86,41,1.37,EUR,Google,fr
FR-Display-UAC,FR_Android_Branded_Universal_4_no_img_no_video,,,2019-02-04,14876,2043,384.86,EUR,Google,fr
FR Vinted Mix,FR_Search_Web_Branded,vinted,vinted,2019-02-21,23079,10859,249.72,EUR,Google,fr
FR-Display-UAC,UAC_PRAP_FR-FR_Vinted_iOS_CPC_Install,,,2019-03-08,44818,125,130.76,EUR,Google,fr
FR Vinted Mix,FR_Search_Web_Branded,vinted,vinetd,2019-03-09,16,8,0.22,EUR,Google,fr
FR Vinted Mix,FR_Search_Web_Branded,vinted,vinted,2019-02-11,722,190,22.66,EUR,Google,fr
FR Vinted Mix,FR_Search_Web_Branded,vinted,vinted,2019-02-09,15695,7181,187.37,EUR,Google,fr
FR Vinted Mix,FR_Search_Web_Branded,vinted,vinted fr,2019-02-27,17,7,0.13,EUR,Google,fr
FR-Display-UAC,FR_Android_Branded_Universal_4_no_img_no_video,,,2019-03-10,15017,3025,547.83,EUR,Google,fr
FR Vinted Mix,FR_Search_Web_Branded,vinted,vinted,2019-02-24,918,242,26.32,EUR,Google,fr
FR Vinted Mix,FR_Search_Web_Branded,vinted,winted,2019-02-23,90,37,0.89,EUR,Google,fr
FR Vinted Mix,FR_Search_Web_Branded,vinted,vinted fr,2019-03-01,16,6,0.39,EUR,Google,fr
FR-Display-UAC,UAC_PRAP_FR-FR_Vinted_Android_CPC_Lister,,,2019-02-25,380953,1834,617.53,EUR,Google,fr
FR-Display-UAC,UAC_PRAP_FR-FR_Vinted_iOS_CPC_Lister,,,2019-02-27,66255,406,218.55,EUR,Google,fr
FR Vinted Mix,FR_Search_Web_Branded,vinted,vinted fr,2019-02-26,14,4,0.04,EUR,Google,fr
FR-Display-UAC,UAC_PRAP_FR-FR_Vinted_iOS_CPC_Lister,,,2019-02-11,69451,380,161.29,EUR,Google,fr
FR-Display-UAC,UAC_PRAP_FR-FR_Vinted_Android_CPC_Lister,,,2019-03-09,294168,3001,614.0,EUR,Google,fr
FR-Display-UAC,UAC_PRAP_FR-FR_Vinted_iOS_CPC_Lister,,,2019-02-05,54928,360,134.57,EUR,Google,fr
FR-Display-UAC,UAC_PRAP_FR-FR_Vinted_iOS_CPC_Lister,,,2019-03-08,48492,244,195.73,EUR,Google,fr
FR-Display-UAC,FR_Android_Branded_Universal_4_no_img_no_video,,,2019-02-08,12444,1635,285.08,EUR,Google,fr
FR Vinted Mix,FR_Search_Web_Branded,vinted,+vinted +fr,2019-02-05,17,8,0.23,EUR,Google,fr
FR-Display-UAC,FR_Android_Branded_Universal_4_no_img_no_video,,,2019-02-05,13959,1747,316.49,EUR,Google,fr
FR Vinted Mix,FR_Search_Web_Branded,vinted,+vinted +fr,2019-02-17,20,9,0.39,EUR,Google,fr
FR-Display-UAC,FR_Android_Branded_Universal_4_no_img_no_video,,,2019-02-24,13445,2870,615.04,EUR,Google,fr
FR Vinted Mix,FR_Search_Web_Branded,vinted,winted,2019-02-11,109,50,1.27,EUR,Google,fr
FR Vinted Mix,FR_Search_Web_Branded,vinted,vinted,2019-02-23,570,170,18.72,EUR,Google,fr
FR Vinted Mix,FR_Search_Web_Branded,vinted,+vinted +fr,2019-02-09,9,2,0.02,EUR,Google,fr
FR-Display-UAC,FR_Android_Branded_Universal_4_no_img_no_video,,,2019-02-11,14813,2109,418.18,EUR,Google,fr
FR Vinted Mix,FR_Search_Web_Branded,vinted,vinted,2019-03-09,4511,2298,99.09,EUR,Google,fr
FR Vinted Mix,FR_Search_Web_Branded,vinted,+vinted +fr,2019-02-23,23,13,0.41,EUR,Google,fr
FR Vinted Mix,FR_Search_Web_Branded,vinted,vinted,2019-02-28,24171,11653,266.5,EUR,Google,fr
FR Vinted Mix,FR_Search_Web_Branded,vinted,vinted,2019-03-01,1159,367,39.42,EUR,Google,fr
FR Vinted Mix,FR_Search_Web_Branded,vinted,vinted,2019-02-16,784,216,21.25,EUR,Google,fr
FR Vinted Mix,FR_Search_Web_Branded,vinted,vinted,2019-02-26,1062,276,32.36,EUR,Google,fr
FR Vinted Mix,FR_Search_Web_Branded,vinted,+vinted +app,2019-03-09,6,2,0.05,EUR,Google,fr
FR Vinted Mix,FR_Search_Web_Branded,vinted,vinted,2019-02-14,972,254,28.55,EUR,Google,fr
FR Vinted Mix,FR_Search_Web_Branded,vinted,vinted,2019-02-06,983,259,25.75,EUR,Google,fr
FR Vinted Mix,FR_Search_Web_Branded,vinted,vinted,2019-02-15,592,176,19.06,EUR,Google,fr
FR Vinted Mix,FR_Search_Web_Branded,vinted,vinted,2019-03-03,21065,10484,258.97,EUR,Google,fr
FR Vinted Mix,FR_Search_Web_Branded,vinted,vinted femme,2019-02-15,654,301,7.0,EUR,Google,fr
FR Vinted Mix,FR_Search_Web_Branded,vinted,vinted,2019-03-02,634,186,20.3,EUR,Google,fr
FR Vinted Mix,FR_Search_Web_Branded,vinted,vinted,2019-02-25,657,199,20.72,EUR,Google,fr
FR Vinted Mix,FR_Search_Web_Branded,vinted,vinted,2019-02-15,941,253,26.39,EUR,Google,fr
FR Vinted Mix,FR_Search_Web_Branded,vinted,vinted fr,2019-02-17,10,2,0.03,EUR,Google,fr
FR Vinted Mix,FR_Search_Web_Branded,vinted,vinted fr,2019-02-26,69,37,0.8,EUR,Google,fr
FR-Display-UAC,UAC_PRAP_FR-FR_Vinted_iOS_CPC_Install,,,2019-02-26,12519,54,25.33,EUR,Google,fr
FR-Display-UAC,UAC_PRAP_FR-FR_Vinted_iOS_CPC_Install,,,2019-03-01,7460,30,14.88,EUR,Google,fr
FR Vinted Mix,FR_Search_Web_Branded,vinted,vinted fr,2019-02-20,8,3,0.1,EUR,Google,fr
FR Vinted Mix,FR_Search_Web_Branded,vinted,vinted fr,2019-02-04,86,34,0.63,EUR,Google,fr
FR-Display-UAC,UAC_PRAP_FR-FR_Vinted_iOS_CPC_Install,,,2019-02-15,3535,7,5.17,EUR,Google,fr
FR-Display-UAC,UAC_PRAP_FR-FR_Vinted_iOS_CPC_Install,,,2019-02-11,4466,12,5.97,EUR,Google,fr
FR-Display-UAC,FR_Android_Branded_Universal_4_no_img_no_video,,,2019-03-03,44346,3831,744.51,EUR,Google,fr
FR-Display-UAC,FR_Android_Branded_Universal_4_no_img_no_video,,,2019-02-10,17105,3067,558.99,EUR,Google,fr
FR Vinted Mix,FR_Search_Web_Branded,vinted,+vinted +fr,2019-03-03,15,6,0.39,EUR,Google,fr
FR Vinted Mix,FR_Search_Web_Branded,vinted,+vinted +fr,2019-03-05,14,8,0.66,EUR,Google,fr
FR-Display-UAC,FR_Android_Branded_Universal_4_no_img_no_video,,,2019-02-26,11181,2040,383.32,EUR,Google,fr
FR Vinted Mix,FR_Search_Web_Branded,vinted,+vinted +fr,2019-02-16,14,5,0.28,EUR,Google,fr
FR-Display-UAC,FR_Android_Branded_Universal_4_no_img_no_video,,,2019-03-08,9343,1322,247.59,EUR,Google,fr
FR Vinted Mix,FR_Search_Web_Branded,vinted,+vinted +fr,2019-03-01,19,9,0.33,EUR,Google,fr
FR Vinted Mix,FR_Search_Web_Branded,vinted,+vinted +app,2019-02-13,7,3,0.25,EUR,Google,fr
FR Vinted Mix,FR_Search_Web_Branded,vinted,vinted,2019-03-06,1245,430,45.89,EUR,Google,fr
FR Vinted Mix,FR_Search_Web_Branded,vinted,vinted,2019-02-22,917,254,28.23,EUR,Google,fr
FR Vinted Mix,FR_Search_Web_Branded,vinted,+vinted +app,2019-02-14,11,2,0.04,EUR,Google,fr
FR-SEM-Brand,Google_Brand_FR-FR_Vinted_MW_CPC,Brand|P,vinted,2019-03-10,3715,906,84.2,EUR,Google,fr
FR-SEM-Brand,Google_Brand_FR-FR_Vinted_DW_CPC,Brand|B,vinted,2019-03-10,10,7,0.25,EUR,Google,fr
FR Vinted Mix,FR_Search_Web_Branded,vinted,+vinted +fr,2019-03-04,19,8,0.18,EUR,Google,fr
FR Vinted Mix,FR_Search_Web_Branded,vinted,vinetd,2019-02-23,10,5,0.06,EUR,Google,fr
FR Vinted Mix,FR_Search_Web_Branded,vinted,vinted femme,2019-02-25,836,336,7.98,EUR,Google,fr
FR Vinted Mix,FR_Search_Web_Branded,vinted,vinted,2019-02-20,657,179,18.12,EUR,Google,fr
FR Vinted Mix,FR_Search_Web_Branded,vinted,+vinted +app,2019-02-20,5,2,0.08,EUR,Google,fr
FR-SEM-Brand,Google_Brand_FR-FR_Vinted_DW_CPC,Brand|E,vinted,2019-03-09,15401,4790,126.15,EUR,Google,fr
FR Vinted Mix,FR_Search_Web_Branded,vinted,vinted femme,2019-03-10,884,580,16.6,EUR,Google,fr
FR-Display-UAC,UAC_PRAP_FR-FR_Vinted_iOS_CPC_Lister,,,2019-02-13,49123,275,119.54,EUR,Google,fr
FR-SEM-Brand,Google_Brand_FR-FR_Vinted_DW_CPC,Brand|P,vinted,2019-03-07,450,103,6.47,EUR,Google,fr
FR Vinted Mix,FR_Search_Web_Branded,vinted,vinted fr,2019-02-20,74,40,0.86,EUR,Google,fr
FR Vinted Mix,FR_Search_Web_Branded,vinted,vinted femme,2019-03-04,946,445,12.04,EUR,Google,fr
FR-Display-UAC,UAC_PRAP_FR-FR_Vinted_Android_CPC_Lister,,,2019-02-26,389484,1710,562.53,EUR,Google,fr
FR Vinted Mix,FR_Search_Web_Branded,vinted,vinted femme,2019-02-06,775,393,9.5,EUR,Google,fr
FR-SEM-Brand,Google_Brand_FR-FR_Vinted_DW_CPC,Brand|B,vinted,2019-03-07,1,1,0.01,EUR,Google,fr
FR-Display-UAC,UAC_PRAP_FR-FR_Vinted_Android_CPC_Lister,,,2019-02-15,271876,1386,440.53,EUR,Google,fr
FR-Display-UAC,UAC_PRAP_FR-FR_Vinted_Android_CPC_Lister,,,2019-02-05,278688,1330,408.82,EUR,Google,fr
FR-Display-UAC,UAC_PRAP_FR-FR_Vinted_iOS_CPC_Install,,,2019-02-17,12630,35,20.59,EUR,Google,fr
FR-Display-UAC,UAC_PRAP_FR-FR_Vinted_iOS_CPC_Install,,,2019-02-12,1118,4,1.88,EUR,Google,fr
FR-Display-UAC,UAC_PRAP_FR-FR_Vinted_Android_CPC_Lister,,,2019-02-22,283730,1754,587.59,EUR,Google,fr
FR-Display-UAC,UAC_PRAP_FR-FR_Vinted_iOS_CPC_Install,,,2019-03-07,42241,124,114.51,EUR,Google,fr
FR-Display-UAC,UAC_PRAP_FR-FR_Vinted_Android_CPC_Lister,,,2019-02-19,328979,1596,495.26,EUR,Google,fr
FR-Display-UAC,UAC_PRAP_FR-FR_Vinted_iOS_CPC_Install,,,2019-02-16,6783,18,10.13,EUR,Google,fr
FR-Display-UAC,FR_Android_Branded_Universal_4_no_img_no_video,,,2019-02-12,13926,1916,384.76,EUR,Google,fr
FR-Display-UAC,FR_Android_Branded_Universal_4_no_img_no_video,,,2019-03-02,32682,3172,603.06,EUR,Google,fr
FR Vinted Mix,FR_Search_Web_Branded,vinted,+vinted +fr,2019-02-26,29,14,0.34,EUR,Google,fr
FR-Display-UAC,FR_Android_Branded_Universal_4_no_img_no_video,,,2019-02-13,13913,1853,366.21,EUR,Google,fr
FR Vinted Mix,FR_Search_Web_Branded,vinted,+vinted +fr,2019-02-11,11,5,0.41,EUR,Google,fr
FR-Display-UAC,FR_Android_Branded_Universal_4_no_img_no_video,,,2019-02-14,10395,1865,337.62,EUR,Google,fr
FR Vinted Mix,FR_Search_Web_Branded,vinted,+vinted +fr,2019-02-08,11,3,0.07,EUR,Google,fr
FR Vinted Mix,FR_Search_Web_Branded,vinted,+vinted +fr,2019-02-20,15,5,0.08,EUR,Google,fr
FR Vinted Mix,FR_Search_Web_Branded,vinted,vinted,2019-03-03,742,228,24.15,EUR,Google,fr
FR Vinted Mix,FR_Search_Web_Branded,vinted,vinted,2019-02-13,984,280,33.51,EUR,Google,fr
FR Vinted Mix,FR_Search_Web_Branded,vinted,winted,2019-02-07,79,37,1.07,EUR,Google,fr
FR Vinted Mix,FR_Search_Web_Branded,vinted,vinted,2019-03-07,21638,12846,331.69,EUR,Google,fr
FR Vinted Mix,FR_Search_Web_Branded,vinted,vinted fr,2019-03-09,13,7,0.28,EUR,Google,fr
FR-Display-UAC,UAC_PRAP_FR-FR_Vinted_iOS_CPC_Lister,,,2019-02-21,80730,417,214.82,EUR,Google,fr
FR Vinted Mix,FR_Search_Web_Branded,vinted,vinted,2019-02-05,23252,10721,294.31,EUR,Google,fr
FR Vinted Mix,FR_Search_Web_Branded,vinted,vinted fr,2019-03-03,79,47,0.84,EUR,Google,fr
FR Vinted Mix,FR_Search_Web_Branded,vinted,vinetd,2019-02-27,29,17,0.23,EUR,Google,fr
FR Vinted Mix,FR_Search_Web_Branded,vinted,vinetd,2019-02-09,16,7,0.1,EUR,Google,fr
FR-Display-UAC,UAC_PRAP_FR-FR_Vinted_iOS_CPC_Lister,,,2019-02-20,64355,374,192.29,EUR,Google,fr
FR Vinted Mix,FR_Search_Web_Branded,vinted,vinted app,2019-02-25,89,54,1.26,EUR,Google,fr
FR Vinted Mix,FR_Search_Web_Branded,vinted,vinted,2019-03-08,365,142,15.81,EUR,Google,fr
FR-Display-UAC,UAC_PRAP_FR-FR_Vinted_iOS_CPC_Install,,,2019-02-05,1599,4,1.64,EUR,Google,fr
FR Vinted Mix,FR_Search_Web_Branded,vinted,winted,2019-02-13,77,35,0.83,EUR,Google,fr
FR-Display-UAC,UAC_PRAP_FR-FR_Vinted_iOS_CPC_Install,,,2019-02-09,2364,6,2.8,EUR,Google,fr
FR Vinted Mix,FR_Search_Web_Branded,vinted,vinted app,2019-03-05,62,29,1.41,EUR,Google,fr
FR-SEM-Brand,Google_Brand_FR-FR_Vinted_MW_CPC,Brand|E,vinted,2019-03-10,12023,5777,173.3,EUR,Google,fr
FR-Display-UAC,UAC_PRAP_FR-FR_Vinted_iOS_CPC_Lister,,,2019-02-16,136134,568,329.53,EUR,Google,fr
FR-Display-UAC,UAC_PRAP_FR-FR_Vinted_iOS_CPC_Install,,,2019-02-14,6537,17,13.76,EUR,Google,fr
FR-Display-UAC,UAC_PRAP_FR-FR_Vinted_Android_CPC_Lister,,,2019-03-10,443359,3288,697.33,EUR,Google,fr
FR-Display-UAC,UAC_PRAP_FR-FR_Vinted_Android_CPC_Lister,,,2019-02-23,233674,1695,571.43,EUR,Google,fr
FR-Display-UAC,UAC_PRAP_FR-FR_Vinted_iOS_CPC_Install,,,2019-02-22,13677,72,35.64,EUR,Google,fr
FR-Display-UAC,UAC_PRAP_FR-FR_Vinted_Android_CPC_Lister,,,2019-03-01,442156,2548,590.75,EUR,Google,fr
FR-Display-UAC,UAC_PRAP_FR-FR_Vinted_iOS_CPC_Install,,,2019-02-06,1883,5,1.88,EUR,Google,fr
FR-Display-UAC,UAC_PRAP_FR-FR_Vinted_Android_CPC_Lister,,,2019-02-16,200748,1485,490.79,EUR,Google,fr
FR-Display-UAC,UAC_PRAP_FR-FR_Vinted_iOS_CPC_Install,,,2019-02-24,16319,76,36.68,EUR,Google,fr
FR-Display-UAC,UAC_PRAP_FR-FR_Vinted_iOS_CPC_Install,,,2019-02-18,14820,49,23.79,EUR,Google,fr
FR-Display-UAC,UAC_PRAP_FR-FR_Vinted_Android_CPC_Lister,,,2019-02-18,290880,1568,483.18,EUR,Google,fr
FR-Display-UAC,FR_Android_Branded_Universal_4_no_img_no_video,,,2019-02-16,13421,2533,477.77,EUR,Google,fr
FR Vinted Mix,FR_Search_Web_Branded,vinted,+vinted +fr,2019-02-27,28,10,0.35,EUR,Google,fr
FR Vinted Mix,FR_Search_Web_Branded,vinted,+vinted +fr,2019-02-04,17,5,0.35,EUR,Google,fr
FR-Display-UAC,FR_Android_Branded_Universal_4_no_img_no_video,,,2019-03-01,17019,2128,404.04,EUR,Google,fr
FR Vinted Mix,FR_Search_Web_Branded,vinted,+vinted +fr,2019-02-14,18,6,0.27,EUR,Google,fr
FR-Display-UAC,FR_Android_Branded_Universal_4_no_img_no_video,,,2019-02-07,14374,1683,302.76,EUR,Google,fr
FR Vinted Mix,FR_Search_Web_Branded,vinted,+vinted +fr,2019-02-19,12,7,0.08,EUR,Google,fr
FR Vinted Mix,FR_Search_Web_Branded,vinted,vinted app,2019-02-15,1,0,0.0,EUR,Google,fr
FR-Display-UAC,FR_Android_Branded_Universal_4_no_img_no_video,,,2019-02-18,13679,2617,559.26,EUR,Google,fr
FR Vinted Mix,FR_Search_Web_Branded,vinted,+vinted +fr,2019-03-08,2,1,0.01,EUR,Google,fr
FR Vinted Mix,FR_Search_Web_Branded,vinted,vinted app,2019-02-23,66,35,1.55,EUR,Google,fr
FR Vinted Mix,FR_Search_Web_Branded,vinted,vinted,2019-02-07,21638,9713,267.07,EUR,Google,fr
FR Vinted Mix,FR_Search_Web_Branded,vinted,vinted fr,2019-02-14,14,8,0.38,EUR,Google,fr
FR-Display-UAC,UAC_PRAP_FR-FR_Vinted_iOS_CPC_Lister,,,2019-02-10,156724,730,335.61,EUR,Google,fr
FR Vinted Mix,FR_Search_Web_Branded,vinted,winted,2019-02-20,91,40,1.03,EUR,Google,fr
FR-Display-UAC,UAC_PRAP_FR-FR_Vinted_Android_CPC_Lister,,,2019-02-11,265700,1441,401.17,EUR,Google,fr
FR Vinted Mix,FR_Search_Web_Branded,vinted,winted,2019-02-04,99,46,0.99,EUR,Google,fr
FR Vinted Mix,FR_Search_Web_Branded,vinted,vinted app,2019-03-03,110,61,4.54,EUR,Google,fr
FR-Display-UAC,UAC_PRAP_FR-FR_Vinted_iOS_CPC_Lister,,,2019-02-15,14854,202,79.88,EUR,Google,fr
FR-Display-UAC,UAC_PRAP_FR-FR_Vinted_iOS_CPC_Lister,,,2019-03-05,160680,515,749.16,EUR,Google,fr
FR Vinted Mix,FR_Search_Web_Branded,vinted,vinetd,2019-02-11,31,16,0.32,EUR,Google,fr
FR-Display-UAC,UAC_PRAP_FR-FR_Vinted_Android_CPC_Lister,,,2019-02-20,390941,1833,534.41,EUR,Google,fr
FR-Display-UAC,UAC_PRAP_FR-FR_Vinted_iOS_CPC_Lister,,,2019-02-17,204206,720,466.41,EUR,Google,fr
FR Vinted Mix,FR_Search_Web_Branded,vinted,vinted app,2019-02-19,1,0,0.0,EUR,Google,fr
FR Vinted Mix,FR_Search_Web_Branded,vinted,vinted app,2019-03-06,60,30,1.96,EUR,Google,fr
FR Vinted Mix,FR_Search_Web_Branded,vinted,vinted fr,2019-02-16,9,3,0.08,EUR,Google,fr
FR Vinted Mix,FR_Search_Web_Branded,vinted,vinted fr,2019-03-08,35,15,0.28,EUR,Google,fr
FR Vinted Mix,FR_Search_Web_Branded,vinted,vinted fr,2019-02-22,10,6,0.1,EUR,Google,fr
FR-Display-UAC,UAC_PRAP_FR-FR_Vinted_iOS_CPC_Install,,,2019-02-23,5418,31,14.1,EUR,Google,fr
FR Vinted Mix,FR_Search_Web_Branded,vinted,vinted fr,2019-02-21,14,6,0.11,EUR,Google,fr
FR Vinted Mix,FR_Search_Web_Branded,vinted,vinted fr,2019-03-04,24,13,0.62,EUR,Google,fr
FR-Display-UAC,UAC_PRAP_FR-FR_Vinted_iOS_CPC_Install,,,2019-02-20,15594,64,28.31,EUR,Google,fr
FR-Display-UAC,UAC_PRAP_FR-FR_Vinted_iOS_CPC_Install,,,2019-02-25,18595,60,35.31,EUR,Google,fr
FR Vinted Mix,FR_Search_Web_Branded,vinted,vinted fr,2019-03-01,79,43,0.62,EUR,Google,fr
FR-Display-UAC,UAC_PRAP_FR-FR_Vinted_iOS_CPC_Install,,,2019-02-19,13306,44,23.9,EUR,Google,fr
FR Vinted Mix,FR_Search_Web_Branded,vinted,vinted app,2019-02-16,1,0,0.0,EUR,Google,fr
FR-Display-UAC,UAC_PRAP_FR-FR_Vinted_iOS_CPC_Lister,,,2019-02-26,63963,431,229.3,EUR,Google,fr
FR Vinted Mix,FR_Search_Web_Branded,vinted,vinted app,2019-02-08,0,0,0.0,EUR,Google,fr
FR Vinted Mix,FR_Search_Web_Branded,vinted,vinted femme,2019-02-24,722,320,8.37,EUR,Google,fr
FR Vinted Mix,FR_Search_Web_Branded,vinted,vinted app,2019-02-26,80,45,1.08,EUR,Google,fr
FR Vinted Mix,FR_Search_Web_Branded,vinted,vinted app,2019-02-24,102,55,2.02,EUR,Google,fr
FR Vinted Mix,FR_Search_Web_Branded,vinted,+vinted +app,2019-02-26,5,2,0.33,EUR,Google,fr
FR Vinted Mix,FR_Search_Web_Branded,vinted,vinted app,2019-02-20,1,1,0.03,EUR,Google,fr
FR-Display-UAC,UAC_PRAP_FR-FR_Vinted_iOS_CPC_Install,,,2019-03-06,16421,74,35.69,EUR,Google,fr
FR Vinted Mix,FR_Search_Web_Branded,vinted,+vinted +app,2019-02-08,5,2,0.02,EUR,Google,fr
FR-Display-UAC,UAC_PRAP_FR-FR_Vinted_iOS_CPC_Install,,,2019-03-03,20312,78,43.85,EUR,Google,fr
FR-Display-UAC,FR_Android_Branded_Universal_4_no_img_no_video,,,2019-02-27,12651,2382,440.12,EUR,Google,fr
FR Vinted Mix,FR_Search_Web_Branded,vinted,+vinted +app,2019-02-10,7,3,0.12,EUR,Google,fr
FR Vinted Mix,FR_Search_Web_Branded,vinted,vinted,2019-02-27,23728,11348,252.73,EUR,Google,fr
FR Vinted Mix,FR_Search_Web_Branded,vinted,vinted,2019-03-05,26519,13324,302.14,EUR,Google,fr
FR Vinted Mix,FR_Search_Web_Branded,vinted,+vinted +app,2019-03-10,4,3,0.44,EUR,Google,fr
FR Vinted Mix,FR_Search_Web_Branded,vinted,vinted,2019-03-04,28080,14042,354.35,EUR,Google,fr
FR-Display-UAC,UAC_PRAP_FR-FR_Vinted_iOS_CPC_Lister,,,2019-02-06,42698,349,105.3,EUR,Google,fr
FR Vinted Mix,FR_Search_Web_Branded,vinted,vinted,2019-03-03,1152,337,35.29,EUR,Google,fr
FR Vinted Mix,FR_Search_Web_Branded,vinted,vinetd,2019-03-03,18,12,0.61,EUR,Google,fr
FR-Display-UAC,UAC_PRAP_FR-FR_Vinted_iOS_CPC_Lister,,,2019-02-09,111352,484,219.26,EUR,Google,fr
FR Vinted Mix,FR_Search_Web_Branded,vinted,vinted,2019-02-07,947,265,30.05,EUR,Google,fr
FR Vinted Mix,FR_Search_Web_Branded,vinted,vinted,2019-02-26,24147,11431,260.4,EUR,Google,fr
FR-SEM-Brand,Google_Brand_FR-FR_Vinted_MW_CPC,Brand|B,vinted,2019-03-08,16,6,0.27,EUR,Google,fr
FR Vinted Mix,FR_Search_Web_Branded,vinted,vinted,2019-02-05,628,175,18.84,EUR,Google,fr
FR Vinted Mix,FR_Search_Web_Branded,vinted,vinted femme,2019-02-23,620,276,6.06,EUR,Google,fr
FR Vinted Mix,FR_Search_Web_Branded,vinted,+vinted +fr,2019-03-07,13,6,0.24,EUR,Google,fr
FR Vinted Mix,FR_Search_Web_Branded,vinted,vinted,2019-02-27,693,224,22.36,EUR,Google,fr
FR-SEM-Brand,Google_Brand_FR-FR_Vinted_MW_CPC,Brand|P,vinted,2019-03-07,1901,347,39.37,EUR,Google,fr
FR Vinted Mix,FR_Search_Web_Branded,vinted,+vinted +app,2019-02-18,9,3,0.3,EUR,Google,fr
FR Vinted Mix,FR_Search_Web_Branded,vinted,vinted fr,2019-03-07,74,45,0.73,EUR,Google,fr
FR Vinted Mix,FR_Search_Web_Branded,vinted,vinted fr,2019-03-05,95,48,0.95,EUR,Google,fr
FR Vinted Mix,FR_Search_Web_Branded,vinted,vinted,2019-02-20,1054,260,27.3,EUR,Google,fr
FR Vinted Mix,FR_Search_Web_Branded,vinted,vinted,2019-02-28,1225,348,40.83,EUR,Google,fr
FR Vinted Mix,FR_Search_Web_Branded,vinted,vinted fr,2019-02-12,76,40,0.84,EUR,Google,fr
FR Vinted Mix,FR_Search_Web_Branded,vinted,vinted fr,2019-02-15,11,4,0.14,EUR,Google,fr
FR Vinted Mix,FR_Search_Web_Branded,vinted,vinted,2019-03-09,431,150,14.96,EUR,Google,fr
FR Vinted Mix,FR_Search_Web_Branded,vinted,vinetd,2019-02-17,11,7,0.2,EUR,Google,fr
FR-Display-UAC,FR_Android_Branded_Universal_4_no_img_no_video,,,2019-03-05,13878,2028,393.22,EUR,Google,fr
FR Vinted Mix,FR_Search_Web_Branded,vinted,vinted femme,2019-02-19,819,378,9.78,EUR,Google,fr
FR Vinted Mix,FR_Search_Web_Branded,vinted,vinted app,2019-03-04,110,58,3.17,EUR,Google,fr
FR Vinted Mix,FR_Search_Web_Branded,vinted,+vinted +app,2019-03-07,8,4,0.35,EUR,Google,fr
FR Vinted Mix,FR_Search_Web_Branded,vinted,vinted app,2019-03-04,1,1,0.05,EUR,Google,fr
FR Vinted Mix,FR_Search_Web_Branded,vinted,vinted app,2019-02-20,75,37,0.77,EUR,Google,fr
FR-Display-UAC,FR_Android_Branded_Universal_4_no_img_no_video,,,2019-02-28,11968,2364,457.88,EUR,Google,fr
FR-Display-UAC,FR_Android_Branded_Universal_4_no_img_no_video,,,2019-02-09,12674,1990,352.93,EUR,Google,fr
FR Vinted Mix,FR_Search_Web_Branded,vinted,vinted app,2019-02-06,1,0,0.0,EUR,Google,fr
FR Vinted Mix,FR_Search_Web_Branded,vinted,+vinted +fr,2019-02-07,14,3,0.1,EUR,Google,fr
FR Vinted Mix,FR_Search_Web_Branded,vinted,vinted femme,2019-02-22,711,336,9.52,EUR,Google,fr
FR-Display-UAC,FR_Android_Branded_Universal_4_no_img_no_video,,,2019-02-23,11261,2371,453.11,EUR,Google,fr
FR Vinted Mix,FR_Search_Web_Branded,vinted,+vinted +app,2019-02-17,9,4,0.3,EUR,Google,fr
FR Vinted Mix,FR_Search_Web_Branded,vinted,+vinted +fr,2019-02-18,20,11,0.48,EUR,Google,fr
FR Vinted Mix,FR_Search_Web_Branded,vinted,winted,2019-03-05,114,64,1.6,EUR,Google,fr
FR Vinted Mix,FR_Search_Web_Branded,vinted,vinted app,2019-02-12,1,1,0.01,EUR,Google,fr
FR Vinted Mix,FR_Search_Web_Branded,vinted,vinted,2019-02-20,22925,10889,249.83,EUR,Google,fr
FR Vinted Mix,FR_Search_Web_Branded,vinted,vinted femme,2019-02-20,757,346,8.18,EUR,Google,fr
FR Vinted Mix,FR_Search_Web_Branded,vinted,winted,2019-03-04,131,64,1.74,EUR,Google,fr
FR Vinted Mix,FR_Search_Web_Branded,vinted,vinted,2019-02-19,23558,11227,256.23,EUR,Google,fr
FR Vinted Mix,FR_Search_Web_Branded,vinted,+vinted +fr,2019-02-24,27,13,0.19,EUR,Google,fr
FR Vinted Mix,FR_Search_Web_Branded,vinted,+vinted +app,2019-02-16,8,4,0.18,EUR,Google,fr
FR Vinted Mix,FR_Search_Web_Branded,vinted,+vinted +app,2019-02-15,9,4,0.15,EUR,Google,fr
FR Vinted Mix,FR_Search_Web_Branded,vinted,vinted app,2019-03-03,1,0,0.0,EUR,Google,fr
FR Vinted Mix,FR_Search_Web_Branded,vinted,vinted,2019-02-12,999,270,33.11,EUR,Google,fr
FR Vinted Mix,FR_Search_Web_Branded,vinted,vinted fr,2019-03-02,17,7,0.24,EUR,Google,fr
FR Vinted Mix,FR_Search_Web_Branded,vinted,vinted,2019-02-25,1170,315,36.01,EUR,Google,fr
FR Vinted Mix,FR_Search_Web_Branded,vinted,vinted fr,2019-02-23,69,39,0.93,EUR,Google,fr
FR Vinted Mix,FR_Search_Web_Branded,vinted,vinted fr,2019-02-12,21,9,0.36,EUR,Google,fr
FR Vinted Mix,FR_Search_Web_Branded,vinted,vinted,2019-03-01,23116,11387,257.41,EUR,Google,fr
FR Vinted Mix,FR_Search_Web_Branded,vinted,winted,2019-02-22,94,46,1.33,EUR,Google,fr
FR Vinted Mix,FR_Search_Web_Branded,vinted,vinted fr,2019-02-23,8,5,0.44,EUR,Google,fr
FR Vinted Mix,FR_Search_Web_Branded,vinted,+vinted +fr,2019-02-25,25,9,0.25,EUR,Google,fr
FR Vinted Mix,FR_Search_Web_Branded,vinted,vinted femme,2019-02-13,735,335,8.42,EUR,Google,fr
FR Vinted Mix,FR_Search_Web_Branded,vinted,vinted fr,2019-02-25,11,4,0.19,EUR,Google,fr
FR-Display-UAC,UAC_PRAP_FR-FR_Vinted_Android_CPC_Lister,,,2019-02-09,131816,1223,333.42,EUR,Google,fr
FR-Display-UAC,UAC_PRAP_FR-FR_Vinted_Android_CPC_Lister,,,2019-02-28,421267,1864,571.05,EUR,Google,fr
FR-SEM-Brand,Google_Brand_FR-FR_Vinted_MW_CPC,Brand|B,vinted,2019-03-09,18,5,0.26,EUR,Google,fr
FR Vinted Mix,FR_Search_Web_Branded,vinted,vinted femme,2019-02-26,801,360,12.7,EUR,Google,fr
FR-Display-UAC,UAC_PRAP_FR-FR_Vinted_iOS_CPC_Install,,,2019-03-05,29205,106,79.74,EUR,Google,fr
FR-Display-UAC,UAC_PRAP_FR-FR_Vinted_Android_CPC_Lister,,,2019-02-17,315201,1923,610.17,EUR,Google,fr
FR-Display-UAC,UAC_PRAP_FR-FR_Vinted_iOS_CPC_Install,,,2019-02-28,9386,40,22.18,EUR,Google,fr
FR-Display-UAC,UAC_PRAP_FR-FR_Vinted_Android_CPC_Lister,,,2019-02-04,272747,1316,373.98,EUR,Google,fr
FR Vinted Mix,FR_Search_Web_Branded,vinted,vinted app,2019-02-21,91,47,0.74,EUR,Google,fr
FR Vinted Mix,FR_Search_Web_Branded,vinted,vinted femme,2019-02-21,732,336,7.52,EUR,Google,fr
FR-Display-UAC,FR_Android_Branded_Universal_4_no_img_no_video,,,2019-03-07,10919,1696,343.48,EUR,Google,fr
FR-Display-UAC,UAC_PRAP_FR-FR_Vinted_Android_CPC_Lister,,,2019-03-06,295960,2635,604.51,EUR,Google,fr
FR Vinted Mix,FR_Search_Web_Branded,vinted,vinted fr,2019-03-02,81,46,1.21,EUR,Google,fr
FR Vinted Mix,FR_Search_Web_Branded,vinted,+vinted +app,2019-02-27,7,1,0.16,EUR,Google,fr
FR Vinted Mix,FR_Search_Web_Branded,vinted,+vinted +fr,2019-02-28,27,11,0.18,EUR,Google,fr
FR Vinted Mix,FR_Search_Web_Branded,vinted,vinted,2019-03-06,26660,15555,420.79,EUR,Google,fr
FR Vinted Mix,FR_Search_Web_Branded,vinted,vinted fr,2019-02-25,94,43,0.81,EUR,Google,fr
FR Vinted Mix,FR_Search_Web_Branded,vinted,vinted,2019-02-22,20965,9998,231.4,EUR,Google,fr
FR Vinted Mix,FR_Search_Web_Branded,vinted,+vinted +app,2019-03-06,9,2,0.15,EUR,Google,fr
FR Vinted Mix,FR_Search_Web_Branded,vinted,vinetd,2019-02-22,23,11,0.35,EUR,Google,fr
FR Vinted Mix,FR_Search_Web_Branded,vinted,vinted app,2019-02-28,74,33,0.46,EUR,Google,fr
FR Vinted Mix,FR_Search_Web_Branded,vinted,vinetd,2019-03-10,20,10,0.13,EUR,Google,fr
FR Vinted Mix,FR_Search_Web_Branded,vinted,vinted app,2019-02-08,72,41,2.02,EUR,Google,fr
FR Vinted Mix,FR_Search_Web_Branded,vinted,vinted app,2019-03-09,59,38,1.9,EUR,Google,fr
FR Vinted Mix,FR_Search_Web_Branded,vinted,vinted femme,2019-02-27,774,390,11.94,EUR,Google,fr
FR Vinted Mix,FR_Search_Web_Branded,vinted,vinted fr,2019-02-05,22,5,0.15,EUR,Google,fr
FR Vinted Mix,FR_Search_Web_Branded,vinted,vinted fr,2019-03-04,93,53,1.26,EUR,Google,fr
FR Vinted Mix,FR_Search_Web_Branded,vinted,vinted,2019-02-11,1106,269,29.72,EUR,Google,fr
FR Vinted Mix,FR_Search_Web_Branded,vinted,vinted fr,2019-03-07,27,13,0.65,EUR,Google,fr
FR-Display-UAC,UAC_PRAP_FR-FR_Vinted_iOS_CPC_Install,,,2019-02-04,5737,16,6.84,EUR,Google,fr
FR Vinted Mix,FR_Search_Web_Branded,vinted,vinted fr,2019-03-05,29,9,0.13,EUR,Google,fr
FR-Display-UAC,UAC_PRAP_FR-FR_Vinted_iOS_CPC_Install,,,2019-03-10,15708,91,37.71,EUR,Google,fr
FR Vinted Mix,FR_Search_Web_Branded,vinted,winted,2019-02-27,94,42,0.89,EUR,Google,fr
FR Vinted Mix,FR_Search_Web_Branded,vinted,vinted femme,2019-03-02,732,350,9.55,EUR,Google,fr
FR Vinted Mix,FR_Search_Web_Branded,vinted,+vinted +app,2019-03-03,11,4,0.8,EUR,Google,fr
FR Vinted Mix,FR_Search_Web_Branded,vinted,vinted app,2019-02-23,1,0,0.0,EUR,Google,fr
FR Vinted Mix,FR_Search_Web_Branded,vinted,+vinted +app,2019-02-09,6,2,0.28,EUR,Google,fr
FR Vinted Mix,FR_Search_Web_Branded,vinted,vinted app,2019-02-11,0,0,0.0,EUR,Google,fr
FR Vinted Mix,FR_Search_Web_Branded,vinted,vinted femme,2019-02-11,775,353,9.46,EUR,Google,fr
FR Vinted Mix,FR_Search_Web_Branded,vinted,vinted app,2019-02-09,77,50,2.63,EUR,Google,fr
FR Vinted Mix,FR_Search_Web_Branded,vinted,vinted app,2019-02-14,76,36,1.81,EUR,Google,fr
FR Vinted Mix,FR_Search_Web_Branded,vinted,vinted app,2019-03-08,0,0,0.0,EUR,Google,fr
FR Vinted Mix,FR_Search_Web_Branded,vinted,vinted fr,2019-02-18,10,4,0.11,EUR,Google,fr
FR Vinted Mix,FR_Search_Web_Branded,vinted,vinetd,2019-03-01,23,15,0.46,EUR,Google,fr
FR Vinted Mix,FR_Search_Web_Branded,vinted,winted,2019-03-01,79,38,1.13,EUR,Google,fr
FR Vinted Mix,FR_Search_Web_Branded,vinted,vinted,2019-03-05,734,234,23.06,EUR,Google,fr
FR Vinted Mix,FR_Search_Web_Branded,vinted,vinted app,2019-02-06,98,56,1.65,EUR,Google,fr
FR Vinted Mix,FR_Search_Web_Branded,vinted,vinetd,2019-02-28,25,13,0.55,EUR,Google,fr
FR Vinted Mix,FR_Search_Web_Branded,vinted,vinetd,2019-03-07,27,18,0.4,EUR,Google,fr
FR Vinted Mix,FR_Search_Web_Branded,vinted,vinted,2019-02-14,20572,9862,246.05,EUR,Google,fr
FR Vinted Mix,FR_Search_Web_Branded,vinted,vinetd,2019-03-06,29,18,0.3,EUR,Google,fr
FR Vinted Mix,FR_Search_Web_Branded,vinted,vinted,2019-02-19,1072,308,33.64,EUR,Google,fr
FR Vinted Mix,FR_Search_Web_Branded,vinted,vinted app,2019-03-01,61,29,0.46,EUR,Google,fr
FR Vinted Mix,FR_Search_Web_Branded,vinted,vinted fr,2019-02-04,22,6,0.5,EUR,Google,fr
FR Vinted Mix,FR_Search_Web_Branded,vinted,vinted,2019-02-13,665,176,21.11,EUR,Google,fr
FR Vinted Mix,FR_Search_Web_Branded,vinted,vinted,2019-02-23,837,240,26.09,EUR,Google,fr
FR Vinted Mix,FR_Search_Web_Branded,vinted,vinted fr,2019-02-10,19,7,0.27,EUR,Google,fr
FR Vinted Mix,FR_Search_Web_Branded,vinted,vinted fr,2019-02-08,21,9,0.32,EUR,Google,fr
FR Vinted Mix,FR_Search_Web_Branded,vinted,vinetd,2019-02-16,15,9,0.24,EUR,Google,fr
FR Vinted Mix,FR_Search_Web_Branded,vinted,vinted fr,2019-03-06,109,68,1.49,EUR,Google,fr
FR Vinted Mix,FR_Search_Web_Branded,vinted,vinetd,2019-02-18,29,15,0.24,EUR,Google,fr
FR Vinted Mix,FR_Search_Web_Branded,vinted,vinted app,2019-02-22,60,26,0.45,EUR,Google,fr
FR Vinted Mix,FR_Search_Web_Branded,vinted,vinted femme,2019-03-01,763,368,9.68,EUR,Google,fr
FR Vinted Mix,FR_Search_Web_Branded,vinted,+vinted +app,2019-02-22,8,3,0.26,EUR,Google,fr
FR Vinted Mix,FR_Search_Web_Branded,vinted,vinted app,2019-02-17,98,53,3.1,EUR,Google,fr
FR Vinted Mix,FR_Search_Web_Branded,vinted,vinted femme,2019-02-08,719,346,11.17,EUR,Google,fr
FR Vinted Mix,FR_Search_Web_Branded,vinted,vinted app,2019-02-17,1,0,0.0,EUR,Google,fr
FR Vinted Mix,FR_Search_Web_Branded,vinted,vinted femme,2019-02-17,720,318,7.32,EUR,Google,fr
FR Vinted Mix,FR_Search_Web_Branded,vinted,vinted app,2019-03-02,67,36,1.1,EUR,Google,fr
FR Vinted Mix,FR_Search_Web_Branded,vinted,vinted fr,2019-02-09,67,37,0.73,EUR,Google,fr
FR Vinted Mix,FR_Search_Web_Branded,vinted,vinted,2019-02-09,811,219,24.18,EUR,Google,fr
FR Vinted Mix,FR_Search_Web_Branded,vinted,winted,2019-03-02,107,51,1.57,EUR,Google,fr
FR Vinted Mix,FR_Search_Web_Branded,vinted,vinted,2019-02-21,1025,248,27.62,EUR,Google,fr
FR Vinted Mix,FR_Search_Web_Branded,vinted,vinted fr,2019-02-08,81,33,0.72,EUR,Google,fr
FR Vinted Mix,FR_Search_Web_Branded,vinted,winted,2019-02-17,112,57,1.3,EUR,Google,fr
FR Vinted Mix,FR_Search_Web_Branded,vinted,vinted,2019-02-10,695,200,22.5,EUR,Google,fr
FR Vinted Mix,FR_Search_Web_Branded,vinted,vinted,2019-02-19,699,200,21.55,EUR,Google,fr
FR Vinted Mix,FR_Search_Web_Branded,vinted,vinetd,2019-03-08,2,2,0.03,EUR,Google,fr
FR Vinted Mix,FR_Search_Web_Branded,vinted,winted,2019-03-09,107,55,1.94,EUR,Google,fr
FR Vinted Mix,FR_Search_Web_Branded,vinted,vinted fr,2019-02-06,25,10,0.87,EUR,Google,fr
FR Vinted Mix,FR_Search_Web_Branded,vinted,vinted,2019-02-09,536,147,15.12,EUR,Google,fr
FR Vinted Mix,FR_Search_Web_Branded,vinted,vinted fr,2019-02-19,84,50,0.94,EUR,Google,fr
FR Vinted Mix,FR_Search_Web_Branded,vinted,vinted fr,2019-02-05,79,35,0.63,EUR,Google,fr
FR Vinted Mix,FR_Search_Web_Branded,vinted,vinetd,2019-02-12,19,12,0.46,EUR,Google,fr
FR Vinted Mix,FR_Search_Web_Branded,vinted,vinted,2019-02-17,656,180,18.6,EUR,Google,fr
FR Vinted Mix,FR_Search_Web_Branded,vinted,vinted fr,2019-02-11,24,10,0.49,EUR,Google,fr
FR Vinted Mix,FR_Search_Web_Branded,vinted,vinetd,2019-03-02,18,12,0.35,EUR,Google,fr
FR Vinted Mix,FR_Search_Web_Branded,vinted,vinted fr,2019-02-28,88,48,0.72,EUR,Google,fr
FR Vinted Mix,FR_Search_Web_Branded,vinted,winted,2019-03-10,124,75,1.42,EUR,Google,fr
FR Vinted Mix,FR_Search_Web_Branded,vinted,vinted femme,2019-02-16,633,294,6.92,EUR,Google,fr
FR Vinted Mix,FR_Search_Web_Branded,vinted,+vinted +app,2019-02-19,5,1,0.01,EUR,Google,fr
FR Vinted Mix,FR_Search_Web_Branded,vinted,vinted app,2019-02-07,0,0,0.0,EUR,Google,fr
FR Vinted Mix,FR_Search_Web_Branded,vinted,vinted app,2019-02-15,74,38,1.96,EUR,Google,fr
FR Vinted Mix,FR_Search_Web_Branded,vinted,vinted femme,2019-03-09,744,399,12.65,EUR,Google,fr
FR Vinted Mix,FR_Search_Web_Branded,vinted,+vinted +app,2019-03-04,7,2,0.02,EUR,Google,fr
FR Vinted Mix,FR_Search_Web_Branded,vinted,vinted app,2019-02-05,90,54,1.51,EUR,Google,fr
FR Vinted Mix,FR_Search_Web_Branded,vinted,vinted app,2019-03-06,0,0,0.0,EUR,Google,fr
FR Vinted Mix,FR_Search_Web_Branded,vinted,+vinted +fr,2019-02-15,11,5,0.15,EUR,Google,fr
FR Vinted Mix,FR_Search_Web_Branded,vinted,+vinted +app,2019-02-23,4,1,0.28,EUR,Google,fr
FR Vinted Mix,FR_Search_Web_Branded,vinted,vinetd,2019-02-08,22,14,0.68,EUR,Google,fr
FR Vinted Mix,FR_Search_Web_Branded,vinted,vinted,2019-02-24,17636,8476,189.44,EUR,Google,fr
FR Vinted Mix,FR_Search_Web_Branded,vinted,winted,2019-02-09,70,32,0.99,EUR,Google,fr
FR Vinted Mix,FR_Search_Web_Branded,vinted,vinted,2019-02-04,1144,310,35.29,EUR,Google,fr
FR Vinted Mix,FR_Search_Web_Branded,vinted,vinted,2019-03-08,1014,501,20.58,EUR,Google,fr
FR Vinted Mix,FR_Search_Web_Branded,vinted,+vinted +fr,2019-03-02,15,3,0.2,EUR,Google,fr
FR Vinted Mix,FR_Search_Web_Branded,vinted,vinetd,2019-02-21,22,8,0.41,EUR,Google,fr
FR Vinted Mix,FR_Search_Web_Branded,vinted,+vinted +fr,2019-03-09,4,2,0.04,EUR,Google,fr
FR Vinted Mix,FR_Search_Web_Branded,vinted,vinted,2019-02-05,1062,283,30.78,EUR,Google,fr
FR Vinted Mix,FR_Search_Web_Branded,vinted,vinted,2019-02-28,622,184,18.18,EUR,Google,fr
FR Vinted Mix,FR_Search_Web_Branded,vinted,vinted fr,2019-02-17,61,30,1.13,EUR,Google,fr
FR Vinted Mix,FR_Search_Web_Branded,vinted,vinted fr,2019-02-19,13,5,0.28,EUR,Google,fr
FR Vinted Mix,FR_Search_Web_Branded,vinted,vinetd,2019-02-10,15,8,0.19,EUR,Google,fr
FR Vinted Mix,FR_Search_Web_Branded,vinted,vinted fr,2019-02-27,90,45,1.12,EUR,Google,fr
FR Vinted Mix,FR_Search_Web_Branded,vinted,vinted,2019-02-08,591,165,17.33,EUR,Google,fr
FR Vinted Mix,FR_Search_Web_Branded,vinted,vinted fr,2019-02-22,77,40,0.69,EUR,Google,fr
FR Vinted Mix,FR_Search_Web_Branded,vinted,vinted,2019-02-15,20235,9641,219.65,EUR,Google,fr
FR Vinted Mix,FR_Search_Web_Branded,vinted,vinted,2019-02-27,1171,337,36.52,EUR,Google,fr
FR Vinted Mix,FR_Search_Web_Branded,vinted,vinted femme,2019-03-08,384,200,7.88,EUR,Google,fr
FR Vinted Mix,FR_Search_Web_Branded,vinted,+vinted +app,2019-03-05,8,1,0.12,EUR,Google,fr
FR Vinted Mix,FR_Search_Web_Branded,vinted,vinted app,2019-02-13,1,0,0.0,EUR,Google,fr
FR Vinted Mix,FR_Search_Web_Branded,vinted,vinted femme,2019-03-03,843,389,9.27,EUR,Google,fr
FR Vinted Mix,FR_Search_Web_Branded,vinted,vinted app,2019-02-07,82,47,1.25,EUR,Google,fr
FR Vinted Mix,FR_Search_Web_Branded,vinted,+vinted +app,2019-02-12,6,4,0.25,EUR,Google,fr
FR Vinted Mix,FR_Search_Web_Branded,vinted,vinted app,2019-02-12,72,40,1.61,EUR,Google,fr
FR Vinted Mix,FR_Search_Web_Branded,vinted,vinted app,2019-03-01,1,0,0.0,EUR,Google,fr
FR Vinted Mix,FR_Search_Web_Branded,vinted,vinetd,2019-03-05,28,12,0.35,EUR,Google,fr
FR-Display-UAC,UAC_PRAP_FR-FR_Vinted_Android_CPC_Lister,,,2019-02-06,317354,1630,504.54,EUR,Google,fr
FR Vinted Mix,FR_Search_Web_Branded,vinted,vinted,2019-02-04,702,196,19.87,EUR,Google,fr
FR Vinted Mix,FR_Search_Web_Branded,vinted,+vinted +app,2019-02-06,10,4,0.23,EUR,Google,fr
FR Vinted Mix,FR_Search_Web_Branded,vinted,winted,2019-02-10,120,55,1.43,EUR,Google,fr
FR Vinted Mix,FR_Search_Web_Branded,vinted,winted,2019-02-12,88,41,1.05,EUR,Google,fr
FR Vinted Mix,FR_Search_Web_Branded,vinted,vinted,2019-03-07,1007,373,39.84,EUR,Google,fr
FR Vinted Mix,FR_Search_Web_Branded,vinted,vinted app,2019-02-13,83,50,3.09,EUR,Google,fr
FR Vinted Mix,FR_Search_Web_Branded,vinted,winted,2019-03-03,130,72,1.93,EUR,Google,fr
FR Vinted Mix,FR_Search_Web_Branded,vinted,vinted app,2019-02-18,90,56,3.16,EUR,Google,fr
FR Vinted Mix,FR_Search_Web_Branded,vinted,vinted app,2019-02-27,68,29,1.11,EUR,Google,fr
FR Vinted Mix,FR_Search_Web_Branded,vinted,vinted,2019-03-02,18819,9457,229.01,EUR,Google,fr
FR Vinted Mix,FR_Search_Web_Branded,vinted,vinted fr,2019-02-24,10,4,0.15,EUR,Google,fr
